model_state,3,5,7,9
NoTraining,65.08271789550781,102.3974838256836,99.81744384765625,100.18658447265625
optimal,41.07879638671875,28.197946548461914,57.80437088012695,44.78861618041992
